TRADE_CODE,ISIN,EMITENT_FULL_NAME,ISSUE_AMOUNT,LIST_SECTION,INSTRUMENT_TYPE,INSTRUMENT_CATEGORY
CBOM,RU000A0JUG31,"""МОСКОВСКИЙ КРЕДИТНЫЙ БАНК"" (публичное акционерное общество)",33429709866,Первый уровень,Акция обыкновенная,акции обыкновенные
CIAN,US83418T1088,Cian PLC (эмитент депозитарных расписок - The Bank of New York Mellon),,Первый уровень,Депозитарные расписки иностранного эмитента на акции,"Американские депозитарные акции, представляющие обыкновенные акции Cian PLC"
ETLN,US29760G1031,ETALON GROUP PLC (эмитент депозитарных расписок - RCS Issuer Services S.ar.l.),,Первый уровень,Депозитарные расписки иностранного эмитента на акции,"Глобальные депозитарные расписки, удостоверяющие права на обыкновенные акции ETALON GROUP PLC"
FIXP,US33835G2057,FIX PRICE GROUP PLC (эмитент депозитарных расписок - The Bank of New York Mellon),,Первый уровень,Депозитарные расписки иностранного эмитента на акции,"Глобальные депозитарные расписки, представляющие обыкновенные акции FIX PRICE GROUP PLC"
GLTR,US37949E2046,Globaltrans Investment PLC (эмитент депозитарных расписок - Citibank N.A.),,Первый уровень,Депозитарные расписки иностранного эмитента на акции,"Глобальные депозитарные расписки, представляющие обыкновенные акции Globaltrans Investment PLC"
HHRU,US42207L1061,"HeadHunter Group PLC (эмитент депозитарных расписок - JPMorgan Chase Bank, N.A.)",,Первый уровень,Депозитарные расписки иностранного эмитента на акции,"Американские депозитарные акции, удостоверяющие права на обыкновенные акции HeadHunter Group PLC"
MDMG,US55279C2008,MD MEDICAL GROUP INVESTMENTS PLC (эмитент депозитарных расписок - RCS Issuer Services S.ar.l.),,Первый уровень,Депозитарные расписки иностранного эмитента на акции,"Глобальные депозитарные расписки, представляющие обыкновенные акции MD MEDICAL GROUP INVESTMENTS PLC"
OKEY,US6708662019,O'KEY Group S.A. (эмитент депозитарных расписок - The Bank of New York Mellon),,Первый уровень,Депозитарные расписки иностранного эмитента на акции,"Глобальные депозитарные расписки, представляющие обыкновенные акции O'KEY Group S.A."
OZON,US69269L1044,Ozon Holdings PLC (эмитент депозитарных расписок - The Bank of New York Mellon),,Первый уровень,Депозитарные расписки иностранного эмитента на акции,"Американские депозитарные акции, удостоверяющие права на обыкновенные акции Ozon Holdings PLC"
AGRO,US7496552057,ROS AGRO PLC (эмитент депозитарных расписок - The Bank of New York Mellon),,Первый уровень,Депозитарные расписки иностранного эмитента на акции,"Глобальные депозитарные расписки, представляющие обыкновенные акции ROS AGRO PLC"
FIVE,US98387E2054,X5 Retail Group N.V. (эмитент депозитарных расписок - The Bank of New York Mellon),,Первый уровень,Депозитарные расписки иностранного эмитента на акции,"Глобальные депозитарные расписки, представляющие обыкновенные акции X5 Retail Group N.V."
ALRS,RU0007252813,"Акционерная компания ""АЛРОСА"" (публичное акционерное общество)",7364965630,Первый уровень,Акция обыкновенная,акции обыкновенные
VTBR,RU000A0JP5V6,Банк ВТБ (публичное акционерное общество),26849669465190,Первый уровень,Акция обыкновенная,акции обыкновенные
GEMC,RU000A107JE2,Международная Компания Публичное Акционерное Общество Юнайтед Медикал Груп,90000000,Первый уровень,Акция обыкновенная,акции обыкновенные
VKCO,RU000A106YF0,"Международная компания Публичное акционерное общество ""ВК""",227874940,Первый уровень,Акция обыкновенная,акции обыкновенные
LENT,RU000A102S15,"Международная компания публичное акционерное общество ""Лента""",115985197,Первый уровень,Акция обыкновенная,акции обыкновенные
RUAL,RU000A1025V3,"Международная компания публичное акционерное общество ""Объединённая Компания ""РУСАЛ""""",15193014862,Первый уровень,Акция обыкновенная,акции обыкновенные
TCSG,RU000A107UL4,"Международная компания публичное акционерное общество ""ТКС Холдинг""",199305492,Первый уровень,Акция обыкновенная,акции обыкновенные
ENPG,RU000A100K72,"Международная компания публичное акционерное общество ""ЭН+ ГРУП""",638848896,Первый уровень,Акция обыкновенная,акции обыкновенные
BSPB,RU0009100945,"ПУБЛИЧНОЕ АКЦИОНЕРНОЕ ОБЩЕСТВО ""БАНК ""САНКТ-ПЕТЕРБУРГ""",461879831,Первый уровень,Акция обыкновенная,акции обыкновенные
AQUA,RU000A0JQTS3,"Публичное  акционерное общество ""ИНАРКТИКА""",87876649,Первый уровень,Акция обыкновенная,акции обыкновенные
AFKS,RU000A0DQZE3,"Публичное акционерное общество ""Акционерная финансовая корпорация ""Система""",9650000000,Первый уровень,Акция обыкновенная,акции обыкновенные
AFLT,RU0009062285,"Публичное акционерное общество ""Аэрофлот – российские авиалинии""",3975771215,Первый уровень,Акция обыкновенная,акции обыкновенные
GAZP,RU0007661625,"Публичное акционерное общество ""Газпром""",23673512900,Первый уровень,Акция обыкновенная,акции обыкновенные
GMKN,RU0007288411,"Публичное акционерное общество ""Горно-металлургическая компания ""Норильский никель""",15286339700,Первый уровень,Акция обыкновенная,акции обыкновенные
LSRG,RU000A0JPFP0,"Публичное акционерное общество ""Группа ЛСР""",103030215,Первый уровень,Акция обыкновенная,акции обыкновенные
POSI,RU000A103X66,"Публичное акционерное общество ""Группа Позитив""",66000000,Первый уровень,Акция обыкновенная,акции обыкновенные
RENI,RU000A0ZZM04,"Публичное акционерное общество ""Группа Ренессанс Страхование""",556952780,Первый уровень,Акция обыкновенная,акции обыкновенные
EUTR,RU000A1002V2,"Публичное акционерное общество ""ЕвроТранс""",159148665,Первый уровень,Акция обыкновенная,акции обыкновенные
IRAO,RU000A0JPNM1,"Публичное акционерное общество ""Интер РАО ЕЭС""",104400000000,Первый уровень,Акция обыкновенная,акции обыкновенные
LEAS,RU000A0ZZFS9,"Публичное акционерное общество ""Лизинговая компания ""Европлан""",120000000,Первый уровень,Акция обыкновенная,акции обыкновенные
MVID,RU000A0JPGA0,"Публичное акционерное общество ""М.видео""",179768227,Первый уровень,Акция обыкновенная,акции обыкновенные
MAGN,RU0009084396,"Публичное акционерное общество ""Магнитогорский металлургический комбинат""",11174330000,Первый уровень,Акция обыкновенная,акции обыкновенные
MTLR,RU000A0DKXV5,"Публичное акционерное общество ""Мечел""",416270745,Первый уровень,Акция обыкновенная,акции обыкновенные
MTLRP,RU000A0JPV70,"Публичное акционерное общество ""Мечел""",138756915,Первый уровень,Акция привилегированная,акции привилегированные
MTSS,RU0007775219,"Публичное акционерное общество ""Мобильные ТелеСистемы""",1998381575,Первый уровень,Акция обыкновенная,акции обыкновенные
MOEX,RU000A0JR4A1,"Публичное акционерное общество ""Московская Биржа ММВБ-РТС""",2276401458,Первый уровень,Акция обыкновенная,акции обыкновенные
LKOH,RU0009024277,"Публичное акционерное общество ""Нефтяная компания ""ЛУКОЙЛ""",692865762,Первый уровень,Акция обыкновенная,акции обыкновенные
BELU,RU000A0HL5M1,"Публичное акционерное общество ""НоваБев Групп""",15800000,Первый уровень,Акция обыкновенная,акции обыкновенные
NLMK,RU0009046452,"Публичное акционерное общество ""Новолипецкий металлургический комбинат""",5993227240,Первый уровень,Акция обыкновенная,акции обыкновенные
PIKK,RU000A0JP7J7,"Публичное акционерное общество ""ПИК-специализированный застройщик""",660497344,Первый уровень,Акция обыкновенная,акции обыкновенные
PLZL,RU000A0JNAA8,"Публичное акционерное общество ""Полюс""",136069400,Первый уровень,Акция обыкновенная,акции обыкновенные
RTKM,RU0008943394,"Публичное акционерное общество ""Ростелеком""",3282997929,Первый уровень,Акция обыкновенная,акции обыкновенные
RTKMP,RU0009046700,"Публичное акционерное общество ""Ростелеком""",209565147,Первый уровень,Акция привилегированная,акции привилегированные
SBER,RU0009029540,"Публичное акционерное общество ""Сбербанк России""",21586948000,Первый уровень,Акция обыкновенная,акции обыкновенные
SBERP,RU0009029557,"Публичное акционерное общество ""Сбербанк России""",1000000000,Первый уровень,Акция привилегированная,акции привилегированные
CHMF,RU0009046510,"Публичное акционерное общество ""Северсталь""",837718660,Первый уровень,Акция обыкновенная,акции обыкновенные
SELG,RU000A0JPR50,"Публичное акционерное общество ""Селигдар""",1030000000,Первый уровень,Акция обыкновенная,акции обыкновенные
SVCB,RU000A0ZZAC4,"Публичное акционерное общество ""Совкомбанк""",20693945875,Первый уровень,Акция обыкновенная,акции обыкновенные
FLOT,RU000A0JXNU8,"Публичное акционерное общество ""Современный коммерческий флот""",2374993901,Первый уровень,Акция обыкновенная,акции обыкновенные
TGKA,RU000A0JNUD0,"Публичное акционерное общество ""Территориальная генерирующая компания №1""","3854341416571,43",Первый уровень,Акция обыкновенная,акции обыкновенные
TRNFP,RU0009091573,"Публичное акционерное общество ""Транснефть""",155487500,Первый уровень,Акция привилегированная,акции привилегированные
HYDR,RU000A0JPKH7,"Публичное акционерное общество ""Федеральная гидрогенерирующая компания - РусГидро""",444793377038,Первый уровень,Акция обыкновенная,акции обыкновенные
FEES,RU000A0JPNN9,"Публичное акционерное общество ""Федеральная сетевая компания - Россети""",2113460101477,Первый уровень,Акция обыкновенная,акции обыкновенные
PHOR,RU000A0JRKT8,"Публичное акционерное общество ""ФосАгро""",129500000,Первый уровень,Акция обыкновенная,акции обыкновенные
ELFV,RU000A0F5UN3,"Публичное акционерное общество ""ЭЛ5-Энерго""",35371898370,Первый уровень,Акция обыкновенная,акции обыкновенные
SFIN,RU000A0JVW89,"Публичное акционерное общество ""ЭсЭфАй""",111637791,Первый уровень,Акция обыкновенная,акции обыкновенные
UPRO,RU000A0JNGA5,"Публичное акционерное общество ""Юнипро""",63048706145,Первый уровень,Акция обыкновенная,акции обыкновенные
SGZH,RU000A102XG9,"Публичное акционерное общество Группа компаний ""Сегежа""",15690000000,Первый уровень,Акция обыкновенная,акции обыкновенные
RNFT,RU000A0JSE60,"Публичное акционерное общество Нефтегазовая компания ""РуссНефть""",294120000,Первый уровень,Акция обыкновенная,акции обыкновенные
MSNG,RU0008958863,"Публичное акционерное общество энергетики и электрификации ""Мосэнерго""",39749359700,Первый уровень,Акция обыкновенная,акции обыкновенные
SMLT,RU000A0ZZG02,"публичное акционерное общество ""Группа компаний ""Самолет""",61579358,Первый уровень,Акция обыкновенная,акции обыкновенные
NVTK,RU000A0DKVS5,"публичное акционерное общество ""НОВАТЭК""",3036306000,Первый уровень,Акция обыкновенная,акции обыкновенные
ROSN,RU000A0J2Q06,"публичное акционерное общество ""Нефтяная компания ""Роснефть""",10598177817,Первый уровень,Акция обыкновенная,акции обыкновенные
TATN,RU0009033591,"публичное акционерное общество ""Татнефть"" имени В.Д. Шашина",2178690700,Первый уровень,Акция обыкновенная,акции обыкновенные
TATNP,RU0006944147,"публичное акционерное общество ""Татнефть"" имени В.Д. Шашина",147508500,Первый уровень,Акция привилегированная,акции привилегированные
HNFG,RU000A106XF2,ПУБЛИЧНОЕ АКЦИОНЕРНОЕ ОБЩЕСТВО ХЭНДЕРСОН ФЭШН ГРУПП,40444445,Второй уровень,Акция обыкновенная,акции обыкновенные
AKRN,RU0009028674,"Публичное акционерное общество ""Акрон""",36757156,Второй уровень,Акция обыкновенная,акции обыкновенные
APTK,RU0008081765,"Публичное акционерное общество ""Аптечная сеть 36,6""",7630433826,Второй уровень,Акция обыкновенная,акции обыкновенные
ABIO,RU000A0JNAB6,"Публичное акционерное общество ""Артген биотех""",92645451,Второй уровень,Акция обыкновенная,акции обыкновенные
WUSH,RU000A105EX7,"Публичное акционерное общество ""ВУШ Холдинг""",111382432,Второй уровень,Акция обыкновенная,акции обыкновенные
OGKB,RU000A0JNG55,"Публичное акционерное общество ""Вторая генерирующая компания оптового рынка электроэнергии""",110441160870,Второй уровень,Акция обыкновенная,акции обыкновенные
FESH,RU0008992318,"Публичное акционерное общество ""Дальневосточное морское пароходство""",2951250000,Второй уровень,Акция обыкновенная,акции обыкновенные
DIAS,RU000A107ER5,"Публичное акционерное общество ""Диасофт""",10500000,Второй уровень,Акция обыкновенная,акции обыкновенные
KMAZ,RU0008959580,"Публичное акционерное общество ""КАМАЗ""",707229559,Второй уровень,Акция обыкновенная,акции обыкновенные
DELI,RU000A107J11,"Публичное акционерное общество ""Каршеринг Руссия""",175849057,Второй уровень,Акция обыкновенная,акции обыкновенные
RASP,RU000A0B90N8,"Публичное акционерное общество ""Распадская""",665733918,Второй уровень,Акция обыкновенная,акции обыкновенные
MRKV,RU000A0JPPN4,"Публичное акционерное общество ""Россети Волга""",188307958732,Второй уровень,Акция обыкновенная,акции обыкновенные
MSRS,RU000A0ET7Y7,"Публичное акционерное общество ""Россети Московский регион""",48707091574,Второй уровень,Акция обыкновенная,акции обыкновенные
MRKZ,RU000A0JPPB9,"Публичное акционерное общество ""Россети Северо-Запад""",95785923138,Второй уровень,Акция обыкновенная,акции обыкновенные
MRKS,RU000A0JPPF0,"Публичное акционерное общество ""Россети Сибирь""",94815163249,Второй уровень,Акция обыкновенная,акции обыкновенные
MRKU,RU000A0JPPT1,"Публичное акционерное общество ""Россети Урал""",87430485711,Второй уровень,Акция обыкновенная,акции обыкновенные
MRKP,RU000A0JPN96,"Публичное акционерное общество ""Россети Центр и Приволжье""",112697817043,Второй уровень,Акция обыкновенная,акции обыкновенные
MRKC,RU000A0JPPL8,"Публичное акционерное общество ""Россети Центр""",42217941468,Второй уровень,Акция обыкновенная,акции обыкновенные
SVAV,RU0006914488,"Публичное акционерное общество ""СОЛЛЕРС""",31486001,Второй уровень,Акция обыкновенная,акции обыкновенные
SOFL,RU000A0ZZBC2,"Публичное акционерное общество ""Софтлайн""",280000000,Второй уровень,Акция обыкновенная,акции обыкновенные
SNGS,RU0008926258,"Публичное акционерное общество ""Сургутнефтегаз""",35725994705,Второй уровень,Акция обыкновенная,акции обыкновенные
SNGSP,RU0009029524,"Публичное акционерное общество ""Сургутнефтегаз""",7701998235,Второй уровень,Акция привилегированная,акции привилегированные
TGKN,RU000A0H1ES3,"Публичное акционерное общество ""Территориальная генерирующая компания № 14""",1357945609114,Второй уровень,Акция обыкновенная,акции обыкновенные
TRMK,RU000A0B6NK6,"Публичное акционерное общество ""Трубная Металлургическая Компания""",1033135366,Второй уровень,Акция обыкновенная,акции обыкновенные
UGLD,RU000A0JPP37,"Публичное акционерное общество ""Южуралзолото Группа Компаний""",212827273000,Второй уровень,Акция обыкновенная,акции обыкновенные
ASTR,RU000A106T36,Публичное акционерное общество Группа Астра,210000000,Второй уровень,Акция обыкновенная,акции обыкновенные
VSMO,RU0009100291,"публичное акционерное общество ""Корпорация ВСМПО-АВИСМА""",11529538,Второй уровень,Акция обыкновенная,акции обыкновенные
RDRB,RU000A0JU6Q7,"""Российский акционерный коммерческий дорожный банк"" (публичное акционерное общество)",21472741,Третий уровень,Акция обыкновенная,акции обыкновенные
QIWI,US74735M1080,QIWI PLC (эмитент депозитарных расписок - The Bank of New York Mellon),,Третий уровень,Депозитарные расписки иностранного эмитента на акции,"Американские депозитарные акции, удостоверяющие права в отношении акций класса ""Б"" компании QIWI PLC"
AVAN,RU000A0DM7B3,"Акционерный Коммерческий банк ""АВАНГАРД"" - публичное акционерное общество",80700000,Третий уровень,Акция обыкновенная,акции обыкновенные
KZOS,RU0009089825,"Казанское публичное акционерное общество ""Органический синтез""",1785114000,Третий уровень,Акция обыкновенная,акции обыкновенные
KZOSP,RU0006753456,"Казанское публичное акционерное общество ""Органический синтез""",119596000,Третий уровень,Акция привилегированная,акции привилегированные
LNZL,RU000A0JP1N2,"Ленское золотодобывающее публичное акционерное общество ""Лензолото""",1140300,Третий уровень,Акция обыкновенная,акции обыкновенные
LNZLP,RU000A0JP1P7,"Ленское золотодобывающее публичное акционерное общество ""Лензолото""",347700,Третий уровень,Акция привилегированная,акции привилегированные
BLNG,RU000A0J2QG8,"Открытое акционерное общество ""Белон""",1150000000,Третий уровень,Акция обыкновенная,акции обыкновенные
DZRD,RU000A0JQW11,"Открытое акционерное общество ""Донской завод радиодеталей""",343407,Третий уровень,Акция обыкновенная,акции обыкновенные
DZRDP,RU000A0JQW29,"Открытое акционерное общество ""Донской завод радиодеталей""",114469,Третий уровень,Акция привилегированная,акции привилегированные
LPSB,RU000A0D8MR7,"Открытое акционерное общество ""Липецкая энергосбытовая компания""",155521950,Третий уровень,Акция обыкновенная,акции обыкновенные
MGNZ,RU0009100911,"Открытое акционерное общество ""Соликамский магниевый завод""",398272,Третий уровень,Акция обыкновенная,акции обыкновенные
BSPBP,RU000A0JP0U9,"ПУБЛИЧНОЕ АКЦИОНЕРНОЕ ОБЩЕСТВО ""БАНК ""САНКТ-ПЕТЕРБУРГ""",20100000,Третий уровень,Акция привилегированная,акции привилегированные
NKNC,RU0009100507,"Публичное Акционерное Общество ""Нижнекамскнефтехим""",1611256000,Третий уровень,Акция обыкновенная,акции обыкновенные
NKNCP,RU0006765096,"Публичное Акционерное Общество ""Нижнекамскнефтехим""",218983750,Третий уровень,Акция привилегированная,акции привилегированные
GEMA,RU000A100GC7,"Публичное акционерное общество  ""Международный Медицинский Центр Обработки и Криохранения Биоматериалов""",14929920,Третий уровень,Акция обыкновенная,акции обыкновенные
KLVZ,RU000A107KX0,"Публичное акционерное общество ""АЛКОГОЛЬНАЯ ГРУППА КРИСТАЛЛ""",921052700,Третий уровень,Акция обыкновенная,акции обыкновенные
ACKO,RU000A0JXS91,"Публичное акционерное общество ""АСКО""",536000000,Третий уровень,Акция обыкновенная,акции обыкновенные
ABRD,RU000A0JS5T7,"Публичное акционерное общество ""Абрау – Дюрсо""",98000184,Третий уровень,Акция обыкновенная,акции обыкновенные
UTAR,RU0007661385,"Публичное акционерное общество ""Авиакомпания ""ЮТэйр""",7896123268,Третий уровень,Акция обыкновенная,акции обыкновенные
BANE,RU0007976957,"Публичное акционерное общество ""Акционерная нефтяная Компания ""Башнефть""",147846489,Третий уровень,Акция обыкновенная,акции обыкновенные
BANEP,RU0007976965,"Публичное акционерное общество ""Акционерная нефтяная Компания ""Башнефть""",29788012,Третий уровень,Акция привилегированная,акции привилегированные
ASSB,RU000A0D8MM8,"Публичное акционерное общество ""Астраханская энергосбытовая компания""",773900078,Третий уровень,Акция обыкновенная,акции обыкновенные
AMEZ,RU000A0B88G6,"Публичное акционерное общество ""Ашинский металлургический завод""",498454822,Третий уровень,Акция обыкновенная,акции обыкновенные
USBN,RU0006929536,"Публичное акционерное общество ""БАНК УРАЛСИБ""",360134697357,Третий уровень,Акция обыкновенная,акции обыкновенные
BISVP,RU0009100176,"Публичное акционерное общество ""Башинформсвязь""",36165270,Третий уровень,Акция привилегированная,акции привилегированные
BRZL,RU0009288658,"Публичное акционерное общество ""Бурятзолото""",7027270,Третий уровень,Акция обыкновенная,акции обыкновенные
VLHZ,RU0007984761,"Публичное акционерное общество ""Владимирский химический завод""",5005605,Третий уровень,Акция обыкновенная,акции обыкновенные
VGSB,RU000A0D8L73,"Публичное акционерное общество ""Волгоградэнергосбыт""",319595965,Третий уровень,Акция обыкновенная,акции обыкновенные
VGSBP,RU000A0D8L57,"Публичное акционерное общество ""Волгоградэнергосбыт""",80499134,Третий уровень,Акция привилегированная,акции привилегированные
VSYD,RU0006334372,"Публичное акционерное общество ""Выборгский судостроительный завод""",1891250,Третий уровень,Акция обыкновенная,акции обыкновенные
VSYDP,RU0006334380,"Публичное акционерное общество ""Выборгский судостроительный завод""",51839,Третий уровень,Акция привилегированная,акции привилегированные
GAZA,RU0009034268,"Публичное акционерное общество ""ГАЗ""",18520260,Третий уровень,Акция обыкновенная,акции обыкновенные
GAZAP,RU000A0ZYHF5,"Публичное акционерное общество ""ГАЗ""",1453500,Третий уровень,Акция привилегированная,акции привилегированные
GAZT,RU000A0JS199,"Публичное акционерное общество ""ГАЗ-Тек""",471428300,Третий уровень,Акция обыкновенная,акции обыкновенные
GAZS,RU000A0JQG78,"Публичное акционерное общество ""ГАЗ-сервис""",206508967,Третий уровень,Акция обыкновенная,акции обыкновенные
GAZC,RU000A0JQG86,"Публичное акционерное общество ""ГАЗКОН""",225381601,Третий уровень,Акция обыкновенная,акции обыкновенные
GTRK,RU000A0ZYD22,"Публичное акционерное общество ""ГЛОБАЛТРАК МЕНЕДЖМЕНТ""",58462120,Третий уровень,Акция обыкновенная,акции обыкновенные
RTGZ,RU000A0JPG04,"Публичное акционерное общество ""Газпром газораспределение Ростов-на-Дону""",120246,Третий уровень,Акция обыкновенная,акции обыкновенные
SIBN,RU0009062467,"Публичное акционерное общество ""Газпром нефть""",4741299639,Третий уровень,Акция обыкновенная,акции обыкновенные
GCHE,RU000A0JL4R1,"Публичное акционерное общество ""Группа Черкизово""",42222042,Третий уровень,Акция обыкновенная,акции обыкновенные
RBCM,RU000A0JR6A6,"Публичное акционерное общество ""Группа компаний РБК""",365631010,Третий уровень,Акция обыкновенная,акции обыкновенные
DVEC,RU000A0JP2W1,"Публичное акционерное общество ""Дальневосточная энергетическая компания""",17223107804,Третий уровень,Акция обыкновенная,акции обыкновенные
DSKY,RU000A0JSQ90,"Публичное акционерное общество ""Детский мир""",739000000,Третий уровень,Акция обыкновенная,акции обыкновенные
EELT,RU000A0JWW54,"Публичное акционерное общество ""Европейская Электротехника""",551813000,Третий уровень,Акция обыкновенная,акции обыкновенные
ZVEZ,RU0009091300,"Публичное акционерное общество ""ЗВЕЗДА""",562020480,Третий уровень,Акция обыкновенная,акции обыкновенные
ZILL,RU0009086193,"Публичное акционерное общество ""Завод имени И.А. Лихачева""",2659962,Третий уровень,Акция обыкновенная,акции обыкновенные
RUSI,RU000A0JQ9W5,"Публичное акционерное общество ""ИНВЕСТИЦИОННАЯ КОМПАНИЯ ИК РУСС-ИНВЕСТ""",109000000,Третий уровень,Акция обыкновенная,акции обыкновенные
INGR,RU000A0DJ9B4,"Публичное акционерное общество ""ИНГРАД""",41220793,Третий уровень,Акция обыкновенная,акции обыкновенные
IGST,RU0002155292,"Публичное акционерное общество ""Ижсталь""",800729,Третий уровень,Акция обыкновенная,акции обыкновенные
IGSTP,RU0002155300,"Публичное акционерное общество ""Ижсталь""",266910,Третий уровень,Акция привилегированная,акции привилегированные
KLSB,RU000A0DKZK3,"Публичное акционерное общество ""Калужская сбытовая компания""",91487347,Третий уровень,Акция обыкновенная,акции обыкновенные
KOGK,RU0002155359,"Публичное акционерное общество ""Коршуновский горно-обогатительный комбинат""",250126,Третий уровень,Акция обыкновенная,акции обыкновенные
KRSB,RU000A0HMLY1,"Публичное акционерное общество ""Красноярскэнергосбыт""",596039612,Третий уровень,Акция обыкновенная,акции обыкновенные
KRSBP,RU000A0HMLZ8,"Публичное акционерное общество ""Красноярскэнергосбыт""",168993328,Третий уровень,Акция привилегированная,акции привилегированные
KAZT,RU000A0B9BV2,"Публичное акционерное общество ""КуйбышевАзот""",234147999,Третий уровень,Акция обыкновенная,акции обыкновенные
KAZTP,RU000A0B9BW0,"Публичное акционерное общество ""КуйбышевАзот""",3696506,Третий уровень,Акция привилегированная,акции привилегированные
KGKC,RU000A0JP120,"Публичное акционерное общество ""Курганская генерирующая компания""",122453406,Третий уровень,Акция обыкновенная,акции обыкновенные
KGKCP,RU000A0JP138,"Публичное акционерное общество ""Курганская генерирующая компания""",14393052,Третий уровень,Акция привилегированная,акции привилегированные
LVHK,RU000A0JT7Y2,"Публичное акционерное общество ""Левенгук""",52940000,Третий уровень,Акция обыкновенная,акции обыкновенные
MGKL,RU000A0JVJQ8,"Публичное акционерное общество ""МГКЛ""",872900000,Третий уровень,Акция обыкновенная,акции обыкновенные
MSTT,RU0009177331,"Публичное акционерное общество ""МОСТОТРЕСТ""",282215500,Третий уровень,Акция обыкновенная,акции обыкновенные
MGNT,RU000A0JKQU8,"Публичное акционерное общество ""Магнит""",101911355,Третий уровень,Акция обыкновенная,акции обыкновенные
MRSB,RU000A0D9AJ7,"Публичное акционерное общество ""Мордовская энергосбытовая компания""",1345037710,Третий уровень,Акция обыкновенная,акции обыкновенные
MGTS,RU0009036461,"Публичное акционерное общество ""Московская городская телефонная сеть""",79708751,Третий уровень,Акция обыкновенная,акции обыкновенные
MGTSP,RU0009036479,"Публичное акционерное общество ""Московская городская телефонная сеть""",15514042,Третий уровень,Акция привилегированная,акции привилегированные
KROT,RU0008913850,"Публичное акционерное общество ""Московская кондитерская фабрика ""Красный Октябрь""",9217583,Третий уровень,Акция обыкновенная,акции обыкновенные
KROTP,RU0008913868,"Публичное акционерное общество ""Московская кондитерская фабрика ""Красный Октябрь""",1474549,Третий уровень,Акция привилегированная,акции привилегированные
NFAZ,RU0009115604,"Публичное акционерное общество ""НЕФАЗ""",8038896,Третий уровень,Акция обыкновенная,акции обыкновенные
VJGZ,RU0009046460,"Публичное акционерное общество ""ННК-Варьеганнефтегаз""",18091110,Третий уровень,Акция обыкновенная,акции обыкновенные
VJGZP,RU0007964789,"Публичное акционерное общество ""ННК-Варьеганнефтегаз""",5883050,Третий уровень,Акция привилегированная,акции привилегированные
NSVZ,RU000A0JQLB6,"Публичное акционерное общество ""Наука-Связь""",15701562,Третий уровень,Акция обыкновенная,акции обыкновенные
UWGN,RU000A0JVBT9,"Публичное акционерное общество ""Научно-производственная корпорация ""Объединенная Вагонная Компания""",2905885544,Третий уровень,Акция обыкновенная,акции обыкновенные
NKSH,RU0009100515,"Публичное акционерное общество ""Нижнекамскшина""",63731171,Третий уровень,Акция обыкновенная,акции обыкновенные
NKHP,RU000A0BLWD7,"Публичное акционерное общество ""Новороссийский комбинат хлебопродуктов""",67597000,Третий уровень,Акция обыкновенная,акции обыкновенные
NMTP,RU0009084446,"Публичное акционерное общество ""Новороссийский морской торговый порт""",19259815400,Третий уровень,Акция обыкновенная,акции обыкновенные
UNAC,RU000A0JPLZ7,"Публичное акционерное общество ""Объединенная авиастроительная корпорация""",532939780119,Третий уровень,Акция обыкновенная,акции обыкновенные
PAZA,RU0009083240,"Публичное акционерное общество ""Павловский автобус""",1567904,Третий уровень,Акция обыкновенная,акции обыкновенные
PMSB,RU000A0ET123,"Публичное акционерное общество ""Пермская энергосбытовая компания""",36210960,Третий уровень,Акция обыкновенная,акции обыкновенные
PMSBP,RU000A0ET156,"Публичное акционерное общество ""Пермская энергосбытовая компания""",11353500,Третий уровень,Акция привилегированная,акции привилегированные
CHGZ,RU0009082291,"Публичное акционерное общество ""РН-Западная Сибирь""",26771420,Третий уровень,Акция обыкновенная,акции обыкновенные
ROST,RU000A0JP922,"Публичное акционерное общество ""РОСИНТЕР РЕСТОРАНТС ХОЛДИНГ""",16305334,Третий уровень,Акция обыкновенная,акции обыкновенные
RKKE,RU0009095939,"Публичное акционерное общество ""Ракетно-космическая корпорация ""Энергия"" имени С.П. Королёва""",1807401,Третий уровень,Акция обыкновенная,акции обыкновенные
KUBE,RU0009046767,"Публичное акционерное общество ""Россети Кубань""",334657837,Третий уровень,Акция обыкновенная,акции обыкновенные
LSNG,RU0009034490,"Публичное акционерное общество ""Россети Ленэнерго""",8523785320,Третий уровень,Акция обыкновенная,акции обыкновенные
LSNGP,RU0009092134,"Публичное акционерное общество ""Россети Ленэнерго""",93264311,Третий уровень,Акция привилегированная,акции привилегированные
MRKK,RU000A0JPPQ7,"Публичное акционерное общество ""Россети Северный Кавказ""",2093354170,Третий уровень,Акция обыкновенная,акции обыкновенные
MRKY,RU000A0JPPG8,"Публичное акционерное общество ""Россети Юг""",151641426354,Третий уровень,Акция обыкновенная,акции обыкновенные
ROLO,RU000A0JU1B0,"Публичное акционерное общество ""Русолово""",30001000000,Третий уровень,Акция обыкновенная,акции обыкновенные
RZSB,RU000A0D9AF5,"Публичное акционерное общество ""Рязанская энергетическая сбытовая компания""",206940220,Третий уровень,Акция обыкновенная,акции обыкновенные
SPBE,RU000A0JQ9P9,"Публичное акционерное общество ""СПБ Биржа""",132843907,Третий уровень,Акция обыкновенная,акции обыкновенные
KRKN,RU0009100408,"Публичное акционерное общество ""Саратовский нефтеперерабатывающий завод""",748012,Третий уровень,Акция обыкновенная,акции обыкновенные
KRKNP,RU0009100416,"Публичное акционерное общество ""Саратовский нефтеперерабатывающий завод""",249337,Третий уровень,Акция привилегированная,акции привилегированные
SARE,RU0009100754,"Публичное акционерное общество ""Саратовэнерго""",4865127996,Третий уровень,Акция обыкновенная,акции обыкновенные
SAREP,RU0009100762,"Публичное акционерное общество ""Саратовэнерго""",1493316000,Третий уровень,Акция привилегированная,акции привилегированные
SVET,RU000A100592,"Публичное акционерное общество ""Светофор Групп""",22333500,Третий уровень,Акция обыкновенная,акции обыкновенные
MFGS,RU0009011126,"Публичное акционерное общество ""Славнефть - Мегионнефтегаз""",99474705,Третий уровень,Акция обыкновенная,акции обыкновенные
MFGSP,RU0009011134,"Публичное акционерное общество ""Славнефть - Мегионнефтегаз""",33056875,Третий уровень,Акция привилегированная,акции привилегированные
JNOS,RU0009100895,"Публичное акционерное общество ""Славнефть-Ярославнефтеоргсинтез""",932654723,Третий уровень,Акция обыкновенная,акции обыкновенные
JNOSP,RU0009101927,"Публичное акционерное общество ""Славнефть-Ярославнефтеоргсинтез""",310884574,Третий уровень,Акция привилегированная,акции привилегированные
CARM,RU000A105NV2,"Публичное акционерное общество ""СмартТехГрупп""",2203330301,Третий уровень,Акция обыкновенная,акции обыкновенные
STSB,RU000A0ET1W4,"Публичное акционерное общество ""Ставропольэнергосбыт""",859074636,Третий уровень,Акция обыкновенная,акции обыкновенные
STSBP,RU000A0ET1Z7,"Публичное акционерное общество ""Ставропольэнергосбыт""",262100364,Третий уровень,Акция привилегированная,акции привилегированные
VRSB,RU000A0DPG67,"Публичное акционерное общество ""ТНС энерго Воронеж""",56151024,Третий уровень,Акция обыкновенная,акции обыкновенные
VRSBP,RU000A0DPG75,"Публичное акционерное общество ""ТНС энерго Воронеж""",18716678,Третий уровень,Акция привилегированная,акции привилегированные
KBSB,RU000A0JNJ11,"Публичное акционерное общество ""ТНС энерго Кубань""",17869440,Третий уровень,Акция обыкновенная,акции обыкновенные
MISB,RU000A0D8K33,"Публичное акционерное общество ""ТНС энерго Марий Эл""",121847780,Третий уровень,Акция обыкновенная,акции обыкновенные
MISBP,RU000A0D8K41,"Публичное акционерное общество ""ТНС энерго Марий Эл""",10652220,Третий уровень,Акция привилегированная,акции привилегированные
NNSB,RU000A0ET5A1,"Публичное акционерное общество ""ТНС энерго Нижний Новгород""",3919400,Третий уровень,Акция обыкновенная,акции обыкновенные
NNSBP,RU000A0ET5B9,"Публичное акционерное общество ""ТНС энерго Нижний Новгород""",1063512,Третий уровень,Акция привилегированная,акции привилегированные
RTSB,RU000A0D8PB4,"Публичное акционерное общество ""ТНС энерго Ростов-на-Дону""",8128764676,Третий уровень,Акция обыкновенная,акции обыкновенные
RTSBP,RU000A0D8PC2,"Публичное акционерное общество ""ТНС энерго Ростов-на-Дону""",925737256,Третий уровень,Акция привилегированная,акции привилегированные
YRSB,RU000A0D8760,"Публичное акционерное общество ""ТНС энерго Ярославль""",17143584,Третий уровень,Акция обыкновенная,акции обыкновенные
YRSBP,RU000A0D88B3,"Публичное акционерное общество ""ТНС энерго Ярославль""",4507320,Третий уровень,Акция привилегированная,акции привилегированные
KRKOP,RU0009098131,"Публичное акционерное общество ""Таганрогский котлостроительный завод ""Красный котельщик""",71086000,Третий уровень,Акция привилегированная,акции привилегированные
TASB,RU000A0D8NG8,"Публичное акционерное общество ""Тамбовская энергосбытовая компания""",1525986880,Третий уровень,Акция обыкновенная,акции обыкновенные
TASBP,RU000A0D8NH6,"Публичное акционерное общество ""Тамбовская энергосбытовая компания""",217961420,Третий уровень,Акция привилегированная,акции привилегированные
TTLK,RU000A0HM5C1,"Публичное акционерное общество ""Таттелеком""",20843976400,Третий уровень,Акция обыкновенная,акции обыкновенные
TGKB,RU000A0JNGS7,"Публичное акционерное общество ""Территориальная генерирующая компания №2""",1458404850747,Третий уровень,Акция обыкновенная,акции обыкновенные
TGKBP,RU000A0JNGT5,"Публичное акционерное общество ""Территориальная генерирующая компания №2""",16500533681,Третий уровень,Акция привилегированная,акции привилегированные
TORS,RU000A0ETZF2,"Публичное акционерное общество ""Томская распределительная компания""",3819315580,Третий уровень,Акция обыкновенная,акции обыкновенные
TORSP,RU000A0ETZM8,"Публичное акционерное общество ""Томская распределительная компания""",576693000,Третий уровень,Акция привилегированная,акции привилегированные
TUZA,RU000A0HL7A2,"Публичное акционерное общество ""Туймазинский завод автобетоновозов""",8220000,Третий уровень,Акция обыкновенная,акции обыкновенные
UKUZ,RU0005294775,"Публичное акционерное общество ""Угольная компания ""Южный Кузбасс""",36149002,Третий уровень,Акция обыкновенная,акции обыкновенные
URKZ,RU000A0JPFY2,"Публичное акционерное общество ""Уральская кузница""",547761,Третий уровень,Акция обыкновенная,акции обыкновенные
LIFE,RU000A0JR514,"Публичное акционерное общество ""Фармсинтез""",440394854,Третий уровень,Акция обыкновенная,акции обыкновенные
HIMCP,RU0009099006,"Публичное акционерное общество ""Химпром""",229631402,Третий уровень,Акция привилегированная,акции привилегированные
GECO,RU000A105BN4,"Публичное акционерное общество ""Центр Генетики и Репродуктивной Медицины ""ГЕНЕТИКО""",83000000,Третий уровень,Акция обыкновенная,акции обыкновенные
WTCM,RU0008137070,"Публичное акционерное общество ""Центр международной торговли""",1083000000,Третий уровень,Акция обыкновенная,акции обыкновенные
WTCMP,RU0008137088,"Публичное акционерное общество ""Центр международной торговли""",162000000,Третий уровень,Акция привилегированная,акции привилегированные
CNTL,RU0007665147,"Публичное акционерное общество ""Центральный телеграф""",166167000,Третий уровень,Акция обыкновенная,акции обыкновенные
CNTLP,RU0007665139,"Публичное акционерное общество ""Центральный телеграф""",55389000,Третий уровень,Акция привилегированная,акции привилегированные
PRFN,RU000A0JNXF9,"Публичное акционерное общество ""Челябинский завод профилированного стального настила""",838287450,Третий уровень,Акция обыкновенная,акции обыкновенные
CHKZ,RU000A0JNST0,"Публичное акционерное общество ""Челябинский кузнечно-прессовый завод""",600216,Третий уровень,Акция обыкновенная,акции обыкновенные
CHMK,RU0007665170,"Публичное акционерное общество ""Челябинский металлургический комбинат""",3161965,Третий уровень,Акция обыкновенная,акции обыкновенные
ELTZ,RU000A0B66V1,"Публичное акционерное общество ""Электроцинк""",1404308,Третий уровень,Акция обыкновенная,акции обыкновенные
UNKL,RU0004887991,"Публичное акционерное общество ""Южно-Уральский никелевый комбинат""",599737,Третий уровень,Акция обыкновенная,акции обыкновенные
IRKT,RU0006752979,"Публичное акционерное общество ""Яковлев""",11686422311,Третий уровень,Акция обыкновенная,акции обыкновенные
YAKG,RU0007796819,"Публичное акционерное общество ""Якутская топливно-энергетическая компания""",826919375,Третий уровень,Акция обыкновенная,акции обыкновенные
YKEN,RU0009257075,"Публичное акционерное общество ""Якутскэнерго""",10187741424,Третий уровень,Акция обыкновенная,акции обыкновенные
YKENP,RU0007796827,"Публичное акционерное общество ""Якутскэнерго""",1332635125,Третий уровень,Акция привилегированная,акции привилегированные
KUZB,RU000A0JSQ66,"Публичное акционерное общество Банк ""Кузнецкий""",22503490875,Третий уровень,Акция обыкновенная,акции обыкновенные
TNSE,RU000A0JUCQ5,"Публичное акционерное общество Группа компаний ""ТНС энерго""",13668239,Третий уровень,Акция обыкновенная,акции обыкновенные
DIOD,RU000A0JQWC1,"Публичное акционерное общество Завод экологической техники и экопитания ""ДИОД""",91500000,Третий уровень,Акция обыкновенная,акции обыкновенные
NAUK,RU000A0JRPX9,"Публичное акционерное общество Научно-производственное объединение ""Наука""",11789500,Третий уровень,Акция обыкновенная,акции обыкновенные
OMZZP,RU0009090559,Публичное акционерное общество Объединенные машиностроительные заводы (Группа Уралмаш-Ижора),2750000,Третий уровень,Акция привилегированная,акции привилегированные
ROSB,RU000A0HHK26,Публичное акционерное общество РОСБАНК,1551401853,Третий уровень,Акция обыкновенная,акции обыкновенные
RGSS,RU0008010855,"Публичное акционерное общество Страховая Компания ""Росгосстрах""",489503740915,Третий уровень,Акция обыкновенная,акции обыкновенные
KCHE,RU0006753498,"Публичное акционерное общество энергетики и электрификации ""Камчатскэнерго""",58294409860,Третий уровень,Акция обыкновенная,акции обыкновенные
KCHEP,RU0006753480,"Публичное акционерное общество энергетики и электрификации ""Камчатскэнерго""",183062052,Третий уровень,Акция привилегированная,акции привилегированные
MAGE,RU0006758919,"Публичное акционерное общество энергетики и электрификации ""Магаданэнерго""",463838268,Третий уровень,Акция обыкновенная,акции обыкновенные
MAGEP,RU0006758893,"Публичное акционерное общество энергетики и электрификации ""Магаданэнерго""",145673254,Третий уровень,Акция привилегированная,акции привилегированные
SAGO,RU0009098255,"Публичное акционерное общество энергетики и электрификации ""Самараэнерго""",3538928532,Третий уровень,Акция обыкновенная,акции обыкновенные
SAGOP,RU0009084495,"Публичное акционерное общество энергетики и электрификации ""Самараэнерго""",521993080,Третий уровень,Акция привилегированная,акции привилегированные
SLEN,RU0009280465,"Публичное акционерное общество энергетики и электрификации ""Сахалинэнерго""",1237175444,Третий уровень,Акция обыкновенная,акции обыкновенные
PRMB,RU000A0DPNQ5,"акционерный коммерческий банк ""Приморье""  (публичное акционерное общество)",250000,Третий уровень,Акция обыкновенная,акции обыкновенные
KMEZ,RU0006753613,"публичное акционерное общество ""Ковровский механический завод""",3764600,Третий уровень,Акция обыкновенная,акции обыкновенные
ARSA,RU000A0JP0Q7,"публичное акционерное общество ""Управляющая компания ""Арсагера""",123817165,Третий уровень,Акция обыкновенная,акции обыкновенные
